﻿<?xml version="1.0"?>
<doc>
<assembly>
<name>
BasculasLibrary
</name>
</assembly>
<members>
<member name="T:BasculasLibrary.My.Resources.Resources">
<summary>
  Clase de recurso fuertemente tipado, para buscar cadenas traducidas, etc.
</summary>
</member>
<member name="P:BasculasLibrary.My.Resources.Resources.ResourceManager">
<summary>
  Devuelve la instancia de ResourceManager almacenada en caché utilizada por esta clase.
</summary>
</member>
<member name="P:BasculasLibrary.My.Resources.Resources.Culture">
<summary>
  Reemplaza la propiedad CurrentUICulture del subproceso actual para todas las
  búsquedas de recursos mediante esta clase de recurso fuertemente tipado.
</summary>
</member>
<member name="T:BasculasLibrary.DataSetEtiqueta">
<summary>
Represents a strongly typed in-memory cache of data.
</summary>
</member>
<member name="T:BasculasLibrary.DataSetEtiqueta.DatosEtiquetaDataTable">
<summary>
Represents the strongly named DataTable class.
</summary>
</member>
<member name="T:BasculasLibrary.DataSetEtiqueta.DatosEtiquetaRow">
<summary>
Represents strongly named DataRow class.
</summary>
</member>
<member name="T:BasculasLibrary.DataSetEtiqueta.DatosEtiquetaRowChangeEvent">
<summary>
Row event argument class
</summary>
</member>
<member name="T:BasculasLibrary.DataSetEtiquetaTableAdapters.DatosEtiquetaTableAdapter">
<summary>
Represents the connection and commands used to retrieve and save data.
</summary>
</member>
<member name="T:BasculasLibrary.DataSetEtiquetaTableAdapters.TableAdapterManager">
<summary>
TableAdapterManager is used to coordinate TableAdapters in the dataset to enable Hierarchical Update scenarios
</summary>
</member>
<member name="M:BasculasLibrary.DataSetEtiquetaTableAdapters.TableAdapterManager.UpdateUpdatedRows(BasculasLibrary.DataSetEtiqueta,System.Collections.Generic.List{System.Data.DataRow},System.Collections.Generic.List{System.Data.DataRow})">
<summary>
Update rows in top-down order.
</summary>
</member>
<member name="M:BasculasLibrary.DataSetEtiquetaTableAdapters.TableAdapterManager.UpdateInsertedRows(BasculasLibrary.DataSetEtiqueta,System.Collections.Generic.List{System.Data.DataRow})">
<summary>
Insert rows in top-down order.
</summary>
</member>
<member name="M:BasculasLibrary.DataSetEtiquetaTableAdapters.TableAdapterManager.UpdateDeletedRows(BasculasLibrary.DataSetEtiqueta,System.Collections.Generic.List{System.Data.DataRow})">
<summary>
Delete rows in bottom-up order.
</summary>
</member>
<member name="M:BasculasLibrary.DataSetEtiquetaTableAdapters.TableAdapterManager.GetRealUpdatedRows(System.Data.DataRow[],System.Collections.Generic.List{System.Data.DataRow})">
<summary>
Remove inserted rows that become updated rows after calling TableAdapter.Update(inserted rows) first
</summary>
</member>
<member name="M:BasculasLibrary.DataSetEtiquetaTableAdapters.TableAdapterManager.UpdateAll(BasculasLibrary.DataSetEtiqueta)">
<summary>
Update all changes to the dataset.
</summary>
</member>
<member name="T:BasculasLibrary.DataSetEtiquetaTableAdapters.TableAdapterManager.UpdateOrderOption">
<summary>
Update Order Option
</summary>
</member>
<member name="T:BasculasLibrary.DataSetEtiquetaTableAdapters.TableAdapterManager.SelfReferenceComparer">
<summary>
Used to sort self-referenced table's rows
</summary>
</member>
</members>
</doc>
